﻿<?xml version="1.0" encoding="utf-8"?>
<Participants>
  <Participant ID="1">
    <Name> Rani Ghosh </Name>
  </Participant>
  <Participant ID="2">
    <Name> Priya Negi</Name>
  </Participant>
  <Participant ID="3">
    <Name> Anju Negi</Name>
  </Participant>
  <Participant ID="4">
    <Name>Anjali</Name>
  </Participant>
  <Participant ID="6">
    <Name>Nisha</Name>
  </Participant>
  <Participant ID="7">
    <Name>Nisha</Name>
  </Participant>
  <Participant ID="8">
    <Name>Nisha</Name>
  </Participant>
  <Participant ID="9">
    <Name>Nisha</Name>
  </Participant>
</Participants>
